name,weight,volume,value
qrg.csv,9.98,24.289999999999996,2696.1350099999995
jaume_1.csv,9.98,24.289999999999996,2696.1350099999995
jacopo_sack.csv,9.920000000000002,24.999999999999996,2316.4579
pyari_sack.csv,8.46,24.739999999999995,2170.0314439999997
my_sack_2.csv,7.69,7.36,485.24
my_sack_3.csv,2.4,4.25,348.24999999999994
my_sack_1.csv,3.3000000000000003,4.6899999999999995,312.62
